Palavra,Sinônimos
ABA,"falda, base, orla, sopé, vertente , encosta , flanco , ilharga , lado, ladeira , declive , aclive , rampa"
ABAS,"adjacências , contiguidades , cercanias, contornos , circunvizinhanças , imediações , proximidades , confins , bairros , distritos , comarcas , subúrbios , arrabaldes , arredores , redondeza"
ABAFAR,"atabafar , encobrir , ocultar , esconder , receptar , acoitar , sonegar , reter, subtrair , acobertar"
ABAFEIRA,"charco , pântano , lamaçal , brejo , atascadeiro , atoleiro , paul, banhado, tremedal , pantanal , lodaçal , lodeiro , enxurdeiro , lagoeiro , lameiro , lameirão , lameiral , lenteiro , chafurda , chafurdei-ro"
ABAIXAR,"abater , rebaixar , aviltar , degradar , humilhar , envergonhar , deprimir , desonrar , depreciar , envilecer , desdoirar , deslustrar , macular , manchar , desacreditar , desabonar , infamar , difamar"
ABALAR,"demover , dissuadir"
ABALIZADO,"assinalado , distinto , notável , ilustre , nobre , digno , famoso , afamado , famigerado , célebre , insigne , preclaro , conspícuo , eminente , egrégio , exímio , consumado , ínclito , grande"
ABALO,"tremor de terra , terremoto , trepidação , comoção , convulsão , estremecimento , agitação"
ABALROAR,"investir , atracar , aferrar , abordar , acometer , agredir , assaltar , arremeter , atacar"
ABANDONAR,"desprezar , desproteger , desamparar , desdenhar , dessocorrer , desvaler, desarrimar , desapoiar , desajudar , desfavorecer"
ABANDONO,"desafetação , naturalidade , negligência , simpleza , descuido , ingenuidade, singeleza , lhaneza , desalinho , indolência , desídia , incúria , inércia , inação , desleixo , desmazelo , languidez , desapercebimento , abstração , distração , acídia , preguiça , ócio, segnícia , moleza"
ABARATAR,"baratear , embaratecer , malbaratar , depreciar , menoscabar , menosprezar, desapreciar , desestimar, desencarecer"
ABANTESMA,"fantasma , espetro , larva, visão , duende , trasgo , manes , lêmures , avejão , aparição , sombra"
ABARCAR,"abranger , compreender"
ABARROADO,"obstinado , opiniático , cabeçudo , teimoso , tenaz , pertinaz , insistente, contumaz , caprichoso , encaprichado , afincado , constante , relutante , porfiado , persistente , perseverante , aferrado , firme, emperrado , birrento , embirrante"
ABASTADO,"rico, ricaço , opulento , endinheirado , apatacado , remediado , argentário, banqueiro , capitalista , milionário"
ABASTARDAR,"degenerar , desfigurar , deformar , desfear , afear, deturpar , desnaturar , corromper , deteriorar , estragar , perverter , viciar , adulterar , desvirtuar , depravar"
ABASTAR,"abastecer , fornir , fornecer , munir, municiar , municionar , ministrar , subministrar , prover , aprovisionar"
ABATER,"descontar , minuir , deminuir , deduzir , subtrair"
ABDICAR,"renunciar , demitir-se , exonerar-se , desobrigar-se , rejeitar , recusar , resignar , desistir , largar , abandonar , ceder"
ABENÇOAR,"bendizer , benzer , louvar , bendito , abençoado , bento , benção , benzimento"
ABERTURA,"greta , racha , resquício , fresta , fenda , fisga, rotura , buraco , orifício , aberta, furo, rombo , frincha , interstício , vão"
ABELHUDO,"entremetido , metediço , intrometido , introduzido , oferecido , intruso , ingerido , intrujão , taralhão"
ABERTO,"amplo , largo , espaçoso , vasto , extenso , desenvolvido , dilatado , explanado, lato, estirado"
ABESTALHADO,"aparvalhado , abobado , abobalhado , apalermado , apatetado , atoleimado , apapalvado , alorpado , acamelado , apataratado , apalhaçado , abasbacado , ajogralado , aburrado , apalonçado , abasbanado, amatutado , acaipirado , aparvoado , embotado , enfatuado , aboçalado , amatungado, pasmado , besta , burro , burrego , aburregado , parvo , bobo , palerma , pateta , tolo, estólido , papalvo , lorpa , camelo , palúrdio , patarata , lerdo , lerdaço , palhaço , basbaque , palonço , jogral , pascácio , pacóvio , papa-moscas , boca-aberta , tabaréu , caipira , basbana, matuto , bolônio , mentecapto , sandeu, doidivanas , beócio , estupidarrão , toleirão , parvoeirão , parvajola , truão , bufão , chocarreiro , maninelo , parvoinho , simples, simplório , bestiaga , bobório , camelório, boto , pato , patau , patocho , patego , pataroco , fátuo , estulto , tapado , obtuso , bronco , rombo , rude, boçal , estúpido , néscio, idiota , imbecil , alvar , ingênuo , ignaro , ignorante , ignorantão , quadrúpede , asno , asneirão , asinino , maturrão , jumento , charro"
ABICAR,"varar , fundear , ancorar , aportar, arribar , surgir , abordar , chegar , atracar"
ABJETO,"detestável , desprezível , ignóbil , indigno , baixo , vil, repelente , abominável , abominando , abominoso , repugnante , execrando , execrável , aborrecível , odioso"
ABJURAR,"renegar , trair, renunciar , apostatar, desprofessar , abrenunciar , converter-se"
ABLAÇÃO,amputação
ABNEGAÇÃO,"desinteresse , desapego , desambição , desamor , desprendimento , altruísmo"
ABLUIR,"purificar , lavar, apurar , limpar , mundificar , expurgar , purgar , acrisolar , acendrar , desmacular"
ABOLIR,"extinguir , ab-rogar , derrogar , antiquar , suprimir , cassar , anular , revogar , invalidar , proscrever , infirmar"
ABONO,"abonação , caução , penhor , hipoteca , fiança , garantia , sinal, arras , segurança"
ABORÍGENE,"autóctone , indígena , originário , natural , nativo , íncola"
ABORTAR,"malograr-se , frustrar-se , gorar , falhar , fracassar"
ABRA,"angra , golfo , enseada , recôncavo , lagamar , calheta , baía, esteiro , abrigada"
ABRANDAR,"moderar , suavizar , enternecer, adoçar , serenar , abonançar , apaziguar , acalmar , mitigar , amenizar , atenuar , temperar , adormentar , adormecer"
ABREVIAR,"encurtar , reduzir , restringir , diminuir"
ABRIGO,"refúgio , asilo, amparo , esconderijo, coito , guarida , homizio , valhacoito , resguardo , acolhida , acolhimento"
ABRIR,"desunir , separar , desligar , soltar , desprender , desatar , desmembrar , afastar, apartar , distanciar , divorciar"
ABROLHOS,"cachopos , escolhos , farelhões , recifes , baixos , baixios , alfaques , parcéis , restingas , sirtes , banco"
ABRUPTO,"alcantilado , íngreme , empinado, escarpado , aprumado , ladeirento"
ABSCONSO,"abscôndito , escondido , oculto, recôndito , retruso , secreto , clandestino , encoberto"
ABSOLUTISMO,"despotismo , autocracia , tirania , ditadura , caudilhismo , militarismo"
ABSOLUTO,"decisivo , definitivo , categórico, imperioso , imperativo , arrogante , irredutível , incondicional , inapelável , terminante , peremptório , cabal"
ABSORTO,"pensativo , enlevado , extasiado, admirado , assombrado , maravilhado , abismado , distraído , abstraído , abstração , distração , embebido , arroubado, arrebatado , contemplativo , meditativo , meditabundo , impressionado , apreensivo , preocupado , estático , extático , estatelado"
ABSTERSO,"terso , polido , brilhante , alvo, cândido , branco , limpo , límpido , lustroso, fúlgido , fulgente , refulgente , brunido , luzido , luzidio , luzente , reluzente , lúcido, nítido , nitente"
ABSTINENTE,"abstêmio , frugal , sóbrio , abstido , continente , temperante , temperado, moderado , parco , comedido"
ABSTRATO,abstruso
ABUNDÂNCIA,"fartura , riqueza , opulência"
ABUSÃO,"patranha , peta , crendice , superstição , prejuízo , preconceito , prevenção, preocupação , fanatismo"
ACABAR,"perecer , falecer , morrer , fenecer , finar-se , extinguir-se , expirar"
ACABADO,"perfeito , completo , magistral , cabal , pleno"
ACABRUNHAR,"amofinar , afligir , oprimir, humilhar , entristecer , contristar , vexar, magoar , desgostar , molestar , aborrecer, apoquentar , importunar , mortificar , angustiar , atormentar , agoniar , amargurar, consternar , inquietar , incomodar"
ACADEMIA,"escola , instituto , universidade, colégio , ginásio , liceu"
ACALENTAR,"amimar , consolar , agradar , afagar , ameigar , acariciar , acarinhar , acaridar"
ACAMPAMENTO,"arraial , bivaque"
ACANHADO,"tímido , vergonhoso , modesto , apoucado , pudico , pudibundo, acanhamento , timidez , vergonha , modéstia , apoucamento , pudor , pudicícia , pudor e pundonor , pundonoroso"
AÇÃO,"demanda , litígio , processo , pleito , questão , querela"
ACASO,"por acaso , porventura"
ACATAR,"acatamento , respeito , respeitar , veneração , venerar , reverência , reverenciar , deferência , deferir"
ACAUTELADO,"cauto , cauteloso , prevenido , precavido , precatado , avisado , prudente , previdente , cautela , prevenção , sobreaviso , precaução , aviso , prudência , previdência , acautelar , prevenir , precaver , precatar , avisar , prever"
ACEPÇÃO,"significação , sentido"
ACEDER,"aquiescer , consentir , aderir , condescender , concordar , anuir , conformar-se, assentir"
ACEITAR,"receber , tomar"
ACELERAR,"apressar , apressurar , ativar , aligeirar , precipitar"
ACENTO,pronúncia
ACERBO,"azedo , ácido , acre , acérrimo , agro, acrimonioso , travoso , travento , áspero, amargo , amargoso"
ACERTAR,"atinar , adivinhar"
ACESSÓRIO,"secundário , contingente , subse civo, sobressalente"
ACHADO,"invento , invenção , descoberta , descobrimento"
ACHAR,"encontrar , deparar , descobrir , inventar"
ACHAQUE,"moléstia , enfermidade , doença, incômodo , indisposição , mal"
ACIDENTAL,"fortuito , imprevisto , inesperado , inopinado , eventual , contingente, casual , ocasional , aleatório , incerto"
ACIDENTE,"desastre , desgraça , catástrofe , revés , calamidade"
ACLAMAR,"vitoriar , aplaudir , proclamar , glorificar"
ACLARAR,"esclarecer , elucidar , ilustrar , alumiar , iluminar , explicar , explanar"
ACOBARDAR,"intimidar , amedrontar , atemorizar , assustar , aterrar , aterrorizar , espavorir , apavorar , quebrantar"
AÇÕES,"fatos , feitos , façanhas , proezas"
ACOITAR,"acoitar-se , asilar , asilar-se , esconder , esconder-se , ocultar , ocultar-se , refugiar-se , abrigar , abrigar-se , homiziar , homiziar-se"
AÇOITAR,"vergastar , chicotar , azorragar , zurzir , surrar , chibatar , flagelar , fustigar"
ACOMODAR,"adequar , adaptar , ajustar , apropriar"
ACOMPANHAR,"seguir , escoltar , comboiar"
ACONSELHAR,"sugerir , insinuar , guiar , inspirar , persuadir"
ACONTECER,"suceder , ocorrer , dar-se , passar-se"
ACORDAR,despertar
ACOROÇOAR,"alentar , animar , induzir , incitar"
ACORRER,"acudir , afluir"
ACOSSAR,perseguir
ACRESCENTAR,"ajuntar , juntar , adicionar , adir , aditar , agregar"
ACREDITAR,crer
ACRO,"quebradiço , frágil"
ACUDIR,"socorrer , auxiliar , amparar , proteger , defender , ajudar , salvar , valer"
ACUSAR,"criminar , incriminar , culpar , inculpar , arguir"
ADARGA,"escudo , broquel , rodela , pavês , égide"
ADIÇÃO,"soma , total"
ADIANTAR,antecipar
ADEPTO,"sectário , iniciado , partidário , partidista , assecla , sequaz , ade-rente , faccionário , faccioso , parcial , seita , facção , partido , parcialidade"
ADEREÇAR,"enfeitar , adornar , ornar , ornamentar , ataviar , embelezar , embelecer , aformosear , engalanar , alindar , decorar , aprimorar , adorno , enfeite , ornato , atavio, adereço , ornamento , decoração , gala, primor"
ADESTRAR,"exercitar , instruir , ensinar , desembaraçar"
ADIAR,"transferir , diferir , dilatar , demorar, retardar , protelar , remanchar , aprazar , procrastinar , espaçar , estirar , prorrogar , contemporizar , ampliar , alongar , delongar, prolongar"
ADIVINHAR,"agoirar , profetizar , vaticinar , prognosticar , pressagiar , predizer , agoiro , adivinhação , profecia , vaticínio , prognóstico, presságio , predição"
ADIVINHO,"bruxo , feiticeiro , mandingueiro , mágico , astrólogo , quiromante , necromante , haríolo , profeta , vate"
ADJACENTE,"contíguo , vizinho , próximo , junto , confim , confinante , fronteiro , limítrofe, imediato , unido , pegado , chegado"
ADJETIVO,epíteto
ADJUNTO,adido
ADJURAR,"conjurar , esconjurar , exorcizar"
ADMIRAÇÃO,"pasmo , espanto , assombro , susto , maravilha , arrebatamento , transporte , arroubo , êxtase , entusiasmo , enlevo , surpresa , admirado , pasmado , espantado , assombrado , assustado , maravilhado , arrebatado , transportado , arroubado , extasiado , entusiasmado , surpreendido , enlevado"
ADMIRAR,"apreciar , contemplar , considerar , examinar , ver, olhar , encarar , fitar, observar"
ADMITIR,"permitir , consentir , tolerar"
ADMOESTAR,"advertir , repreender , censurar , arguir , avisar , aconselhar , verberar , estigmatizar"
ADOECER,enfermar
ADOLESCÊNCIA,"juventude , mocidade , puberdade , mancebia , adolescente , jovem , moço , púbere , mancebo"
ADORAÇÃO,"reverência , veneração , acatamento , respeito , honra , homenagem , adorar, honrar , venerar , reverenciar , acatar , respeitar , adorável , venerável , venerando , acatável , respeitável"
ADUANA,"alfândega , aduaneiro , alfandegário"
ADUBAR,"temperar , condimentar , adubo , tempero , condimento"
ADULAR,"lisonjear , louvaminhar , bajular , engrossar , adulador , lisonjeiro , louvaminheiro , bajulador , engrossador"
ADULTERAR,"contrafazer , falsificar , imitar"
ADUNAR,"aunar , coadunar , unir , reunir , unificar , ligar , aliar , coligar , incorporar , agregar , congregar , ajuntar , agrupar"
ADUNCO,"curvo , recurvado , arcado , arqueado"
ADUZIR,alegar
ADVENTÍCIO,"ádvena , alienígena , forasteiro, estrangeiro"
ADVERSO,"oposto , contrário , desfavorável"
ADVERSIDADE,"sorte adversa , desgraça , desdita , infelicidade , infortúnio , desfortuna , desventura , caiporismo , calamidade , desgraçado , desditoso , infeliz , infortunado , desfortunado , desafortunado , mal-afortunado , desventurado , desaventurado , mal-aventurado , caipora"
ADVOCACIA,advocatura
ADVOGADO,"patrono , patrocinador , padroeiro , defensor , protetor , intercessor , mediador , medianeiro , intermediário , interventor"
AFABILIDADE,"agrado , amabilidade , civilidade , urbanidade , polidez , cortesia , cortesania , delicadeza , benignidade , benevolência , carinho , afeição , complacência , bondade , fineza , ternura , meiguice , indulgência , afável , agradável , amável , civil , urbano , polido , cortês , cortesão , delicado , benigno , benévolo , benevolente , carinhoso , afetuoso , complacente , bom , fino, bondoso, obsequioso , terno , meigo , indulgente , amistoso"
AFASIA,"afonia , mudez , afásico , afônico , mudo"
AFÃ,"azáfama , faina, lida, fadiga , afadigamento , aforçuramento , luta , trabalho , labor , laboração , labuta , labutação , lucubração"
AFASTAR,"retirar , arredar , desviar , deslocar, descaminhar , apartar, separar"
AFERRO,apego
AFERROLHAR,"fechar , trancar , ferrolho , fecho , tranca"
AFETAÇÃO,"fingimento , disfarce , simulação, dissimulação , contrafação , aparência , fantasia , afetar , fingir , disfarçar , simular , dissimular , contrafazer , aparentar , fantasiar , afetado , fingido , disfarçado , simulado , dissimulado, contrafeito , aparente , fantasiado"
AFETIVO,afetuoso
AFETOS,paixões
AFETUOSO,apaixonado
AFINIDADE,"agnação , cognação , consanguinidade , afim , ágnato , cognato"
AFIRMAR,"dizer , confirmar , ratificar , corroborar , comprovar , demonstrar , assegurar, asseverar , garantir , atestar , certificar"
AFIXAR,"colar , pregar , segurar , grudar , fixar, aplicar , apor , sobrepor , pegar , chumbar, soldar , ligar , atar, prender"
AFLIÇÃO,"pesar , desgosto , mágoa , tristeza, pesadume , pesadelo , inquietação , agonia , consternação, opressão , angústia , amargura , ansiedade, transe , tormento , suplício , tortura, dor, sofrimento , padecimento , pena , tribulação , trabalhos , incômodos , aflito , pesaroso , desgostoso , magoado , triste , inquieto , agoniado , consternado , angustiado, amargurado , ansioso , supliciado , atormentado , torturado , doloroso , dorido , dolorido , penalizado , atribulado , incomodado"
AFLUÊNCIA,"concurso , concorrência , multidão , turba , ajuntamento , reunião , assembleia , aglomeração , agrupamento , turbamulta , tropel"
AFORA,exceto
AFIADO,"amolado , aguçado , agudo , cortante , talhante , incisivo"
AFOITO,"desafrontado , temerário , confiado, arrojado , atrevido , inconsiderado , arriscado , imponderado , decidido , determinado, ousado , audaz , audacioso , destemido, intemente , impávido , corajoso , animoso, valoroso , valente , impertérrito , intré-pido, heroico , resoluto , bravo , arrebatado , impetuoso , denodado , ardido , veemente , precipitado , violento , intrêmulo , imperturbável , impassível , afoiteza , temeridade , confiança , arrojo , atrevimento , inconsideração , decisão , resolução , determinação , ousadia , audácia , destemor , impavidez , coragem , ânimo , valor , valentia , intrepidez , heroísmo , heroicidade , bravura , arrebatamento , ímpeto , impetuosidade , denodo , ardimento , veemência , precipitação , violência , imperturbabilidade , impassibilidade"
AFRONTA,"agravo , ofensa , injúria , ultraje , insulto , avania , vexame , zombaria , mofa , irrisão , chacota , sátira , apodo , gracejo , remoque , troça , chasco , escárnio"
AFRONTAR,"arrostar , encarar"
AGONIZAR,estertorar
AGRADECIDO,"grato , reconhecido , obrigado, penhorado , cativo"
AGRESTE,"campestre , campesino , rústico , silvestre , selvático , selvagem"
AGRÍCOLA,"agrário , rural , rústico"
AGRICULTURA,"agronomia , agricultor , agrônomo , cultivador , lavrador , colono"
AGUARDAR,esperar
AGUAR,"banhar , molhar , irrigar , regar , alagar , inundar"
AGUENTAR,"suster , suspender , sustentar , amparar , apoiar , escorar , especar , estear"
AIO,"preceptor , mestre , amo, instrutor , institutor , educador , professor , lente , catedrático , pedagogo"
AGIOTA,"usurário , onzeneiro"
AGITAÇÃO,"insurreição , revolta , rebelião , levantamento , motim , arruaça , sedição , revolução , pronunciamento , convulsão , comoção , choque , abalo , sublevação , conflagração , cataclismo"
AGITAR,"ventilar , aventar , discutir , debater, disputar , tratar , controverter"
AJUIZADO,"sensato , sisudo , assisado , sábio, prudente , judicioso , cordato , grave , sério, circunspeto , ponderado , discreto , avisado"
ALARGAR,"ampliar , dilatar"
ALARIDO,"gritaria , celeuma , berreiro , vozeria, clamor , bramido , algazarra , tumulto , turba , alvoroço , barulho , bulha , arruído , rumor , borborinho , sussurro , murmúrio , murmurinho"
ALARME,"temor , medo , susto , terror , espanto , pânico , pavor , receio , assombro , assombramento , sobressalto"
ALBERGARIA,"albergue , guarida , estalagem, pousada , hospedaria , hotel , pensão"
ALBESCENTE,"alvacento , alvadio , esbranquiçado"
ALCANÇAR,"chegar , atingir , tocar"
ALCANCE,"desfalque , irregularidade"
ALCANTIL,"despenhadeiro , ribanceira , grota , itaimbé , precipício , escarpa , fraga , riba, ribança"
ALÇAR,"erguer , elevar , levantar"
ALCATEIA,"bando , multidão , enxame , turba , turma , grupo , magote , rancho , quadrilha , legião , malta , súcia , corja , matula , caterva , matilha , horda , troço , troça , chusma"
ALCATIFA,"alfombra , tapete , tapeçaria"
ALCOICE,"lupanar , prostíbulo , bordel , sentina"
ALCUNHA,"apelido , nome , sobrenome , agnome , cognome , prenome , antonomásia , apodo"
ALEGAR,citar
ALEGRIA,"ledice , júbilo , exultação , regozijo, contentamento , jovialidade , alacridade , satisfação , alegre , ledo, jubiloso , exultante , contente , jovial , álacre , satisfeito"
ALEIVE,"aleivosia , calúnia , traição , , perfídia , deslealdade , infidelidade , falsidade"
ALENTADO,"vigoroso , forte, robusto , valente , esforçado , reforçado , possante , pujante , potente , alento , vigor , força, fortaleza , robustez , valentia , esforço, reforço , possança , pujança , potência"
ALFANJE,"cimitarra , espada , gládio , terçado, durindana , montante , chanfalho , sabre"
ALFIM,"enfim , finalmente , afinal , por fim"
ALGOZ,"carrasco , verdugo , carnífice , sacrificador , executor"
ALGUNS,certos
ALHEIO,"de outrem , estranho"
ALHURES,algures
ALI,"lá, acolá , aí, além"
ALIANÇA,"união , casamento , consórcio , matrimônio , núpcias , bodas , noivado"
ALICERCE,"base , fundamento , embasamento , peanha , pedestal"
ALICIAR,"engodar , seduzir , subornar , peitar, corromper"
ALIENAR,"vender , trocar , permutar , traficar, cambiar , escambiar"
ALIMENTAR,"nutrir , sustentar , manter"
ALIMPA,"monda , poda"
ALISTAR,"relacionar , arrolar , catalogar , inventariar"
ALMA,"espírito , ânimo , eu, coração"
ALMANAQUE,"calendário , folhinha , repertório , anuário , guia , indicador , vademeco , roteiro , manual , prontuário"
ALMEJAR,"aspirar , desejar , ambicionar , apetecer , cobiçar , pretender"
ALMO,"nutriente , nutritivo , criador"
ALOCUÇÃO,"proclamação , arenga , discurso , fala , prática , arrazoamento , oração, sermão , homilia , panegírico , prédica , preleção , conferência , elogio"
ALPENDRE,"alpendrada , telheiro , pórtico, adro , átrio , vestíbulo"
ALTANERIA,"altivez , sobranceria , orgulho, soberba , empáfia , impostura , fatuidade"
ALTITUDE,altura
ALTEZA,altura
ALTERAR,"mudar , variar , modificar , reformar , transformar , renovar , remodelar , reorganizar , reconstruir , reconstituir , refazer, retificar , corrigir , emendar"
ALUCINAR,"ofuscar , confundir , cegar , deslumbrar , fascinar"
ALUCINADO,"louco , perdido , cego, demente , doido , desvairado , delirante , insano, insensato , aturdido , atordoado , estonteado"
ALUDIR,"referir , indicar , expor , enunciar, mencionar"
ALUSIVO,"referente , relativo , concernente, respetivo"
ALUGAR,"arrendar , alquilar , locar, sublocar"
ALUNO,"discípulo , educando"
ÂMAGO,"imo, profundeza , recesso , interior , íntimo , centro , meio, seio, cerne , coração , medula , miolo"
AMAINAR,"afrouxar , enfraquecer , abater, abrandar , diminuir , sossegar , acalmar , serenar , suavizar , tranquilizar , atenuar"
AMANSAR,"domar , domesticar"
AMANTE,"concubina , barregã , amásia , amiga , manceba , comborça"
AMARROTAR,"marlotar , amarfanhar , machucar , amassar , enrugar , arrugar , franzir , frisar , riçar , ratinar , encrespar , embrulhar , crispar, arrepiar , encaracolar , encarapinhar , encarquilhar"
AMBIÇÃO,"cobiça , avareza , avidez , cupidez, ganância , gana"
AMBÍGUO,"anfibológico , impreciso , confuso, equívoco , duvidoso , dúbio , incerto , vário , ambiguidade , anfibologia , confusão , equívoco , dúvida , incerteza"
ÂMBITO,"área, recinto"
AMBOS,"os dois , um e outro"
AMBULANTE,"errante , vagabundo , teatino, peregrino , nômade , perdido , vagante , passeante , vadio , tunante , airado , vaganau"
AMEAÇAR,"intimidar , amedrontar , atemorizar , assustar"
AMENO,"agradável , aprazível , delicioso , deleitoso , deleitável , grato"
AMOLGAR,"abolar , amossar , amassar , deformar , embotar , esmagar"
AMONTOAR,"acumular , ajuntar , reunir , arrumar , emaçar"
AMOSTRA,"mostra , prova , sinal, indício , demonstração"
AMPLIDÃO,"amplitude , vastidão , grandeza, extensão , imensidade , imensidão , âmbito"
ANACORETA,"eremita , solitário , cenobita , monge , asceta , religioso , fanático , frade"
ANARQUIA,"desordem , desgoverno , desconcerto , desregramento , discórdia , cizânia , caos, confusão , balbúrdia"
ANATEMATIZAR,"excomungar , amaldiçoar, anátema , excomunhão , maldição"
ANATOMIA,"dissecção , autópsia"
ANCIÃO,velho
ANSIEDADE,ânsia
ANDAÇO,"contágio , epidemia , endemia , peste"
ANDAR,"caminhar , ir, marchar , seguir , passar , transitar"
ANDRAJOS,"trapos , farrapos , molambos"
ANEXAR,"anexação , anexado , anexo , incorporar , incorporação , incorporado"
ANEXO,"dependente , unido"
ANGARIAR,"aliciar , recrutar"
ANGU,"pirão , mingau , mexido , revirado , papa, escaldado"
ANELO,"desejo , aspiração , anseio , vontade"
ANOITECER,enoitecer
ANOSO,"velho , idoso , secular , antigo"
ANOTAR,"anotações , notas , comentar , comentário , comento , interpretar , interpretação , explicar , explicação , explanar , explanação , apostilar , apostilas , cotas , ob-servações , glosas"
ANUVIAR,"nublar , escurecer , obscurecer, obcecar , ensombrar , carregar , toldar , fechar , entenebrecer"
ANTECEDENTE,"precedente , anterior , prévio"
ANTECEDENTES,precedentes
ANTECESSOR,predecessor
ANTECESSORES,"antepassados , ascendentes , pais, avós, antigos , maiores , avoengos"
ANTECIPADAMENTE,"adiantadamente , prematuramente"
ANTEMURAL,"muro , muralha"
ANTIPATIA,"ódio , aversão , repugnância , quizila , asca, asco, zanga , rancor , gana , horror"
ANTIQUADO,"obsoleto , desusado , arcaico"
ANTÍTESE,"contraste , antífrase , antinomia, antilogia , contradição , contrariedade , oposição"
ANTRO,"caverna , furna , gruta , lapa, cova , buraco , toca, subterrâneo"
APARATO,"pompa , sumptuosidade , magnificência , grandeza , majestade , ostentação , esplendor , alardo , fausto , luxo"
APARECIMENTO,aparição
APARÊNCIA,"ar , exterior , exterioridade, visos , mostra , aspeto , semblante"
APEDREJAR,lapidar
APELAÇÃO,"agravo , recurso"
APENAS,"só , exclusivamente"
APÊNDICE,suplemento
APERTADO,estreito
APÓCRIFO,"suposto , pretenso , fictício , fabuloso , falso"
APOLOGIA,"defesa , justificação , elogio , panegírico"
APOSENTAR,"reformar , jubilar"
APÓSTOLO,"missionário , evangelizador , propagandista , anunciador , pregoeiro , precursor , núncio , mensageiro , emissário , enviado"
APOTEOSE,deificação – Sobre estas duas palavras escreve Lacerda: “ Apoteose era a cerimônia mediante a qual era alguém posto no número dos deuses
APREÇO,"estima , consideraç ão, conta"
APRESAR,"prender , arrestar , apreender , capturar , apanhar , segurar , deter"
APRISCO,"redil , curral , mangueira"
APROFUNDAR,profundar
APTIDÃO,"disposição , inclinação , propensão, vocação , talento , capacidade , idoneidade, habilidade , jeito , gosto"
AQUI,cá
ARDIL,"estratagema , logro , arteirice , astúcia, cilada , emboscada , armadilha"
ARMADA,"esquadra , esquadrilha , frota"
ARMISTÍCIO,"suspensão de armas , tréguas"
ARRANCAR,"tirar, sacar , extrair , arrebatar"
ARREPENDIMENTO,"remorso , pesar , contrição , atrição , compunção , penitência"
E,"no entanto, o uso autoriza o emprego desta palavra tratando-se de qualquer substância que dá perfume"
ARROIO,"regueiro , regato , ribeiro , ribeira , rio, riacho , ribeirão , córrego , torrente"
ARTE,ciência
ARTICULAR,"pronunciar , dizer , proferir , falar"
ARTIFICIAL,artificioso
ARTIFÍCIO,artefacto
ASSASSINAR,"matar , trucidar , massacrar , degolar"
ASSASSINO,"assassínio , assassinato , matador, morte , matança , morticínio , homicida, homicídio"
ASSAZ,"bastante , suficiente"
ASSÍDUO,frequente
ASSINAR,"firmar , subscrever"
ASSONÂNCIA,"assoante , consonância , consoante , rima , rimado"
ASSUNTO,"matéria , objeto"
ASTROLOGIA,astronomia
ATA,"auto, assento , registro , termo"
ATAÚDE,"caixão , tumba , esquife , féretro"
ATEU,"incrédulo , descrente , descrido , cético , ímpio , sacrílego , irreligioso, infiel , gentio , pagão , idólatra , heterodoxo , herege , leigo , profano"
ATENÇÃO,"aplicação , reflexão , ponderação , meditação , contensão , apercepção , cogitação , cuidado , vigilância , solicitude , desvelo , dedicação"
ATENTADO,"crime , delito , culpa , falta, pecado, transgressão , infração , violação , quebra, quebrantamento , tentativa"
ATITUDE,"postura , posiç ão, gesto"
ATIVO,"eficaz , enérgico , violento , forte"
ATOR,"cômico , comediante , artista"
ATRIBUIR,imputar
ATRIBUTO,"predicado , propriedade , qualidade"
ATUALMENTE,"presentemente , hoje, agora, presente , atual"
ATUAR,"operar , agir , influir"
ATURAR,"sofrer , suportar , aguentar , tolerar, padecer"
ATURDIR,"atordoar , perturbar , conturbar"
AUGUSTO,"majestoso , imponente , soberano, solene , pontifical , grandioso , glorioso , magnífico , pomposo , esplêndido , ostentoso"
AUMENTAR,"crescer , avolumar-se , avultar, engrandecer , ampliar-se , amplificar-se , dilatar-se , inchar , engrossar , intumescer , empolar , empolamar , exagerar , encorpar"
AURA,"brisa , zéfiro , aragem , viração , favônio"
AUSPÍCIOS,"proteção , patrocínio , salvaguarda"
AUSPICIOSO,"esperançoso , prometedor"
AUSTERO,"severo , rigoroso , rígido , ríspido, duro , inflexível , inexorável , inabalável , inalterável"
AUTÊNTICO,"formal , solene"
AUTONOMIA,"independência , soberania"
AUTOR,"escritor , publicista"
AUTORIDADE,"poder , potestade , força"
AZADO,"oportuno , próprio , conveniente , adequado , propício"
AZIAGO,"funesto , nefasto , infausto , agoirento"
BAILE,"bailado , dança , folia , folgança , fandango , samba , jongo"
BALA,projetil
BALBUCIAR,"gaguejar , tartamudear"
BANAL,"trivial , vulgar , comum , ordinário , corriqueiro , familiar"
BANCARROTA,"falência , quebra"
BANDA,"charanga , fanfarra , filarmônica , orquestra , música"
BANDEIRA,"estandarte , pavilhão , insígnia, vexilo"
BANDIDO,"salteador , malfeitor , bandoleiro, celerado , facínora"
BANIR,"exilar , desterrar , deportar , expatriar, proscrever , degredar"
BARBARIDADE,"crueldade , ferocidade , desumanidade"
BARBARISMO,solecismo
BARCO,"embarcação , navio , nau, fragata , caravela , galera , galé, iate, batel , batelão , alvarenga , lancha , barca , chata , catraia , bote, xaveco , tartana , manchua , gôndola , galeota , canoa , junco , piroga , igara , barcaça, galeão , bergantim , brigue , escuna"
BARDO,"trovador , vate, rapsoda"
BASTARDO,"natural , espúrio , ilegítimo"
BATOLOGIA,"tautologia , redundância , perissologia"
BEATO,"carola , hipócrita , tartufo"
BEIÇO,lábio
BENEFICÊNCIA,"caridade , filantropia , humanidade , amor ao próximo , altruísmo"
BENEFÍCIO,"favor , graça , mercê , obséquio"
BIBLIOTECA,livraria
BISPADO,"episcopado , diocese , mitra"
BOIAR,"flutuar , sobrenadar , nadar"
BOLA,"globo , esfera , pelouro , bala"
BOLHA,"empola , borbulha , vesícula"
BORBOTÃO,"jorro , jacto , golfada , torrente , gorgolhão , cachão"
BORDA,"margem , ribeira , riba , ribança , ribanceira , beira , praia , costa"
BORDÃO,"pau , varapau , cajado , bastão , cacete , bengala"
BORRASCA,"tempestade , tormenta , refrega, temporal , aguaceiro , procela , vendaval"
BOSQUE,"luco, arvoredo , selva , mata , floresta, sertão , capão , capoeira , restinga , tapera"
BOSSA,"giba, gibosidade , corcova , corcunda , marreca"
BOTÃO,"gema , gomo , olho , rebento , renovo, broto"
BOTICA,farmácia
BOTIM,"bota, botina , sapato , calçado"
BREVE,"curto , conciso , lacônico , sucinto, preciso"
BRILHANTE,diamante
BRILHAR,"rebrilhar , luzir , reluzir , transluzir, tremeluzir , cintilar , resplandecer , esplender , resplender , fulgurar , refulgurar , fulgir , refulgir , rutilar , relampear , relumbrar , faiscar , chispar , coriscar , fuzilar , flamear , irradiar"
BRINDE,"presente , dádiva , donativo , dom , oferta , mimo"
BRUMA,"caligem , nevoeiro , névoa , nuvem , bulcão , neblina , negror , negrume , cerração, nimbo"
BURLESCO,"grotesco , cômico , bufo , bufão , caricato , faceto , ridículo , truanesco , extravagante"
BUSCAR,procurar
CABELEIRA,"cabelo , melena , grenha , guedelha , coma , madeixa , marrafa"
CABO,"promontório , pontal , cabedelo"
CACHOEIRA,"corredeira , rápido , catadupa, cascata , catarata , salto"
CADAFALSO,"patíbulo , forca , guilhotina"
CALADO,"mudo , silencioso , taciturno , quieto , reservado , sombrio"
CALCULAR,"computar , contar , cálculo , cômputo , conta , orçar , esmar , suputar , estimar , avaliar"
CAMINHO,"estrada , via, trilha , raia, vicina, carreiro , azinhaga , picada , senda , vereda, atalho"
CANSAÇO,"canseira , fadiga , lassidão"
CÂNTICO,"canto , canção , hino"
CAPCIOSO,"insidioso , sofístico , arguto , argucioso , ardiloso , traiçoeiro , velhaco , falaz, falacioso , subtil , astuto , astucioso , ob-reptício , sub-reptício , caviloso"
CAPITULAÇÃO,rendição
CAPÍTULO,cabido
CARA,"rosto , face, frente , fronte , semblante, vulto"
CARCAÇA,"esqueleto , arcaboiço"
CARECER,"precisar , necessitar"
CARESTIA,"careza , carência , escassez , inópia, pobreza , penúria , indigência , necessidade, miséria , sede , fome"
CARIDOSO,caritativo
CARNICEIRO,carnívoro
CARTA,"epístola , missiva , bilhete"
CASA,"morada , vivenda , palácio , palacete , tugúrio , teto , chalé , lar, fogo , canto , palheiro , palhoça , choupana , casebre , cabana, tenda , barraca , arribana , choça , colmo , habitação , mansarda , pardieiro , biombo , cômodo , prédio , solar , castelo"
CASO,"conjuntura , circunstância , situação , suposição , hipótese"
CASTO,"castidade , puro , pureza , continente , continência , virgem , virgindade , intemerato , impoluto , ilibado , incorrupto , imaculado , pudico , pudicícia , inocente , inocência"
CASTIGAR,"punir , castigo , pena , punição"
CATIVO,"cativeiro , escravo , escravidão , servo , servidão , prisioneiro , prisão"
CAUSA,"motivo , razão , móvel , pretexto"
CEGAMENTE,às cegas
CELEBRAR,"solenizar , festejar , comemorar, rememorar"
CELESTE,"celestial , divino , divinal , célico , celígeno , deífico"
CENSURA,"crítica , sátira , admoestação , observação , advertência , ponderação , comentário , repreensão , arguição , recriminação, objurgatória , remoque , reproche , exprobração , reprimenda"
CHAMA,"flama , labareda , fogueira , incêndio , lume , fogo , faísca , fagulha , chispa , centelha"
CHAMARIZ,"engodo , reclamo , isca, negaça, atrativo"
CHAPADA,"planura , planalto , esplanada , planície"
CHEIA,"inundação , enchente , dilúvio"
CHISTOSO,"gracioso , espirituoso , faceto , engraçado , pilhérico , folgazão , trocista"
CHOCAR,"melindrar , ofender"
CHOQUE,"embate , conflito , encontro , contraste"
CHORAR,"prantear , carpir , lamentar , gemer, lagrimar , soluçar"
CIDADELA,"fortaleza , forte , castelo, praça , cidade fortificada"
CIFRA,"zero , nada"
CIGANO,"boêmio , vagabundo , valdevino , ambulante , nômade , zíngaro"
CIMENTAR,"consolidar , firmar , prender , fixar, fortalecer"
CÍNICO,"impudente , descarado , desvergonhado , despudorado , impudico , safado , patife , canalha , reles , deslavado , safardana , asqueroso , hediondo, sujo , sórdido , imundo , repugnante , repulsivo , repelente , desfaçado"
CINGIR,"rodear , cercar , apertar , circular , abraçar , circundar , abarcar"
CINZELAR,"burilar , esculpir , gravar , entalhar, lavrar , lavorar , lavorear , imprimir"
CIRCUNLOCUÇÃO,"circunlóquio , perífrase"
CIÚME,"zelo , inveja , ciumento , cioso , zeloso, invejoso"
CÍVEL,civil
CIVIL,cívico
CIVILIZAÇÃO,"cultura , polícia , instrução , ilustração"
CIVISMO,"patriotismo , cívico , patriótico"
CLARÃO,"claridade , luz, lume , luar , brilho, fulgor , esplendor , lampejo"
CLAREZA,"claridade , perspicuidade"
CLARO,"diáfano , transparente , translúcido, perspícuo"
CLASSE,"ordem , família , gênero , espécie , sorte , grupo , variedade , secção , ramo , série, divisão , tipo"
CLASSIFICAR,"ordenar , coordenar , arranjar, dispor , distribuir , separar"
CLEMÊNCIA,"misericórdia , piedade , compaixão , caridade , dó, pena , miseração , comiseração , indulgência , inocência , benignidade , bondade , tolerância , humanidade"
CLIENTE,"constituinte , comitente"
CLÍNICA,clientela
COAGIR,"constranger , forçar , obrigar , violentar"
COETÂNEO,"coevo , contemporâneo"
COLEGA,"confrade , coirmão , companheiro, camarada , consócio"
COLOSSAL,"gigantesco , enorme , desabalado, monstruoso"
COLUNA,"pilar , pilastra , esteio , pedestal , fulcro , base, soco , supedâneo , peanha , sustentáculo , estaca , escora , suporte"
COMA,"modorra , sopor , letargia , torpor , sonolência"
COMANDO,"mando , direção , ordem , autoridade , governo"
COMEÇAR,principiar
COMERCIANTE,"negociante , mercador , marchante , traficante , tratante , chatim"
COMETER,"praticar , perpetrar , fazer"
COMETIMENTO,"empresa , empreendimento"
COMILÃO,"glutão , guloso , faminto , voraz"
COMO,"assim como , do mesmo modo que"
COMPACTO,"espesso , denso"
COMPANHIA,"sociedade , sindicato , associação"
COMPARAR,"confrontar , conferir , colacionar, cotejar"
COMPARTIR,"compartilhar , partilhar , participar"
COMPASSADO,"lento , vagaroso , tardio , tardígrado , tardo , pesado , moroso , demorado , ronceiro , pachorrento , zorreiro , fleumático"
COMPATRIOTA,"compatrício , patrício , concidadão , conterrâneo"
COMPENSAR,"contrabalançar , igualar , equiparar , equilibrar , contrapesar"
COMPETÊNCIA,capacidade
COMPETENTE,"respetivo , próprio , adequado"
COMPETIR,"rivalizar , concorrer , emular"
COMPLEMENTO,"suplemento , implemento, completação , acabamento , conclusão"
COMPLEXO,"complicado , implexo , implicado"
COMPREENDER,"entender , conceber , perceber , sentir"
COMUM,"público , geral"
COMUMENTE,"ordinariamente , de ordinário , geralmente , de regra"
COMUNA,"município , concelho"
CONCEDER,outorgar
CONCEITO,"opinião , juízo"
CONCEPÇÃO,"inteligência , entendimento, mente , compreensão , intelecto , razão , juízo, senso , bom senso , apercepção , espírito, gênio"
CONCITAR,"instigar , açular , insuflar , induzir , provocar"
CONCLUIR,"inferir , induzir , deduzir , coligir"
CONCLUSÃO,"consequência , indução , dedução , ilação , inferência"
CONCUPISCÊNCIA,"luxúria , lascívia , lubricidade , libidinagem , volúpia , sensualidade, moleza , voluptuosidade"
CONFERÊNCIA,entrevista
CONFIANÇA,"segurança , seguridade"
CONFIGURAÇÃO,"conformação , figura , forma"
CONFISCAR,"apreender , arrestar , embargar, sequestrar , penhorar , apenar"
CONFORME,segundo
CONFORTAR,consolar
CONFRARIA,"ordem , irmandade , congregação"
CONFUTAR,"refutar , impugnar , rebater"
CONJUGAL,"nupcial , matrimonial"
CONSAGRAR,"dedicar , oferecer , votar"
CONJURAÇÃO,"conspiração , intriga , cabala, enredo , trama , conluio , mexerico"
CONSTRUIR,"edificar , fabricar , fazer"
CONSTANTE,"firme , forte, inabalável , inflexível , tenaz , persistente , obstinado , teimoso , inalterável , fiel, perseverante , leal, constância , firmeza , fortaleza , fidelidade , perseverança , lealdade , persistência , tenacidade , obstinação , teimosia"
CONTRIBUIÇÃO,"imposto , tributo , derrama , páreas , subsídios , direitos , taxa, finta"
CONVENIENTE,"decente , decoroso , honesto , discreto"
CONVERSAÇÃO,"conversa , conferência , colóquio , palestra , prosa , cavaco , cavaquei-ra, diálogo , confabulação"
CONVICÇÃO,persuasão
CONVINCENTE,"evidente , certo , indubitável , incontestável , persuasivo , persu-asório , suasório"
CONVIR,"importar , relevar , cumprir"
COONESTAR,justificar
COOPERAR,colaborar
COPIAR,"trasladar , transcrever , colar , decalcar , plagiar"
COPIOSO,"abundante , muito , numeroso"
COROA,diadema
CORRETO,"exato , perfeito , castiço , vernáculo , puro , clássico , lídimo , correção , exatidão , perfeição , casticidade , vernaculidade, pureza , classicismo , lidimidade"
CORTE,"fio, gume"
COSMOGONIA,"cosmografia , cosmologia"
COSTUME,"hábito , uso, rotina"
CRASSO,"grosseiro , palmar"
CRIAR,"produzir , gerar"
CREBRO,"frequente , repetido , reiterado"
CRENÇA,"fé, opinião"
CRER,"pensar , julgar , presumir , supor , cuidar"
CRESTOMATIA,"seleta , antologia , florilégio, coleção , coletânea , polianteia , silva, miscelânea , catalecto , analecto"
CULTIVO,cultura
CUMPRIR,"observar , guardar"
DAMA,"mulher , dona, matrona , senhora"
DANOSO,"prejudicial , nocivo , pernicioso , lesivo , perigoso , maléfico , ruinoso"
DAR,"doar , oferecer , apresentar , entregar"
DEBUXO,"esboço , bosquejo , risco , delineação , delineamento , figura, plano , planta , traçado , projeto , desenho, modelo , molde , ideia, escorço"
DECAIR,descair
DECAPITAR,"degolar , guilhotinar , descabeçar"
DECORO,"dignidade , honra , decência , reserva , recato , gravidade , pudor , vergonha , compostura"
DECEPÇÃO,"surpresa , engano , logro , ilusão, codilho"
DECLARAR,"descobrir , manifestar , revelar, divulgar , publicar , promulgar , anunciar, noticiar , desvendar , expor , patentear , explicar , enunciar , expressar , referir , relatar, narrar , contar , mostrar , proclamar , espalhar , assoalhar , apregoar , propagar , propalar"
DECOMPOR,"analisar , anatomizar , examinar, dissecar , destrinçar , esmiuçar , escalpelar"
DECRETO,"lei, aviso , resolução"
DEFEITO,"deformidade , imperfeição , vício, falha , balda , pecha , sestro , manha , mania , tacha , falta , eiva, senão , fraco"
DEFENDER,"proibir , vedar , impedir , inibir, obstar , interdizer , interditar , estorvar , embaraçar , dificultar , tolher , impossibilitar"
DELIBERAR,"decidir , resolver , opinar , votar"
DELICADO,"fino, tênue , subtil , leve, delicadeza , finura , fineza , subtileza"
DELINQUENTE,"criminoso , réu, acusado , indiciado , culpado , infractor , transgressor , violador , pecador , crime , delito , infração , transgressão , violação , culpa"
DEPOIS,logo
DEPOR,"destituir , demitir , dispensar , exonerar , despedir"
DERRAMAR,entornar
DERRETER,"fundir , liquefazer , dissolver , diluir , desfazer , derretimento , fundição , liquefação , dissolução , diluição"
DERROTAR,"desbaratar , destroçar , desfazer, bater , destruir , exterminar , aniquilar"
DESABRIDO,"violento , hostil , agressivo , ríspido , áspero , rude , duro , brutal , ferino"
DESACONSELHAR,"dissuadir , despersuadir, desiludir , desenganar , desconvencer"
DESAFIO,"duelo , repto , provocação"
DESANDAR,"voltar , retroceder , recuar , retrogradar , tornar , retornar , regressar , volver"
DESAPEGAR,despegar
DESAPERCEBIDO,despercebido
DESARRANJAR,"desordenar , transtornar , desorganizar , desmanchar , desfazer , baralhar, confundir , desconcertar , desconchavar, barafundar"
DESARRUGAR,desenrugar
DESCANSO,"repouso , quietação , tranquilidade , sossego , paz, serenidade, calma , placidez , bonança"
DESCONHECIDO,incógnito
DESCORADO,"pálido , lívido , macilento , lúrido"
DESCORTÊS,"incivil , grosseiro , desatencioso , tosco , impolido , impolítico , indelicado , inurbano , rústico"
DESCULPA,"escusa , recusa , perdão"
DESERTO,"ermo , solidão , retiro , isolamento , recanto , descampado"
DESERTOR,trânsfuga
DESERDAR,exerdar
DESIGNAR,"indicar , sinalar , marcar"
DESIMPEDIR,"desembaraçar , desobstruir , desempecer , desempeçar , desempachar , despejar , abrir , desatravancar , desencalhar , desentulhar , desentupir , desocupar"
DESPOJAR,"espoliar , esbulhar , desapossar, extorquir , privar"
DESQUITE,"divórcio , repúdio"
DESSEPULTO,insepulto
DETER,"sobrestar , sustar , parar , cessar , interromper"
DETRITOS,"resíduo , fezes , sedimento , lia, borra , escória , escorralho , restos , fécula , vasa, sarro"
DEVER,obrigação
DIABÓLICO,"satânico , infernal , demoníaco"
DIALECTO,"língua , idioma , jargão , geringonça , provincianismo , gíria , calão , patoá"
DICÇÃO,"elocução , estilo , vocábulo , palavra, voz, termo , expressão , frase"
DIFERENÇA,"distinção , dissemelhança , disparidade , desproporção , desigualdade , diversidade , variedade , distância"
DIFICULDADE,"obstáculo , embaraço , empecilho , estorvo , impedimento"
DIFUSO,"prolixo , comprido , longo , extenso"
DIGRESSÃO,"divagação , distração , diversão"
DILACERAR,"lacerar , despedaçar , espedaçar , retalhar , golpear , cortar , rasgar , romper , estilhaçar , atassalhar"
DILAPIDAR,"dissipar , esbanjar , prodigalizar, gastar , consumir , desperdiçar , malbaratar , desbaratar , estragar"
DIMANAR,"emanar , manar , fluir, efluir , defluir , correr , escorrer , estilar , gotejar , pingar , exsudar , ressudar , transudar , ressumar , escoar-se , golfar , jorrar"
DIREITO,justiça
DIRIGIR,"guiar , conduzir , levar"
DISCERNIMENTO,"juízo , critério , tino , consciência , inteligência , sentido , senso , perspicácia , sagacidade"
DISERTO,"elegante , eloquente , facundo , claro, expressivo , brilhante"
DISPENDIOSO,"custoso , caro"
DISPENSA,"licença , escusa , isenção , imunidade , liberdade , direito , regalia, prerrogativa , privilégio , franquia"
DISSEMINAR,"semear , espalhar , difundir, derramar , distribuir"
DITAME,"conselho , parecer , opinião , voto"
DIVIDIR,repartir
DIVISA,"emblema , símbolo , empresa , tenção , insígnia , distintivo , lema , signo , sinal, brasão"
DÓCIL,"obediente , manso , pacífico , brando, submisso , flexível , doce, tratável , macio, meigo , suave , docilidade , obediência , mansidão , brandura , submissão , flexibilidade , doçura , macieza , meiguice , suavidade"
DOMICÍLIO,"morada , residência, estada , detença , permanência, assistência , demora , parada"
DONO,"proprietário , senhor , detentor , possuidor , retentor , domínio , propriedade , senhorio , detenção , posse , possessão , retenção"
DONZELA,"moça , rapariga , menina"
DOUTO,"erudito , sábio , instruído , ilustrado , versado , sabedor , sapiente , esclarecido , culto , perito"
DURAÇÃO,"tempo , eternidade"
EBULIÇÃO,"fervura , efervescência , fervor , fermentação"
EÇA,"cenotáfio , catafalco"
EDITOR,"impressor , edição , impressão , publicação"
EDUCAÇÃO,"criação , instrução , ilustração, civilização"
EFETUAR,"realizar , fazer, executar"
EFÍGIE,"retrato , cópia , fotografia , imagem , figura"
ELEGER,"escolher , preferir , eleição , escolha, preferência"
EMBAIXADOR,"ministro , enviado , encarregado de negócios , legado , núncio , internúncio"
EMBRIÃO,"feto , gérmen , semente"
EMBUSTE,"mentira , peta , patranha , ardil, estratagema , astúcia , artifício , manha , subterfúgio , logro , enredo , laço, lábia , ronha, solércia"
ENCARECER,exagerar
ENSEJO,"ocasião , oportunidade , conjunção, azo"
ENTERRO,"enterramento , saimento , funeral , exéquias"
ENTRETER,"divertir , espairecer , distrair , recrear , deleitar"
ENVIAR,"remeter , mandar , despachar , expedir"
EPÍLOGO,"peroração , desenlace , desfecho , fecho , remate , final"
EQUIDADE,"retidão , justiça"
ERIGIR,"fundar , instituir , estabelecer , levantar , erguer , construir , constituir , organizar , formar"
ESCAPAR,"fugir , evadir , esquivar , evitar"
ESCORREGAR,"resvalar , deslizar"
ESCURO,"obscuro , sombrio , tenebroso , caliginoso"
ESCUTAR,"ouvir , atender"
ESFAIMADO,"esfomeado , faminto , femélico, famulento"
ESFALFADO,"extenuado , cansado , fatigado , exausto"
ESMERO,"capricho , apuro , primor , requinte , cuidado , asseio , limpeza , correção, alinho , gosto"
ESPANTOSO,"terrível , terrífico , terrificante , horrível , horrendo , horroroso , horrente , hórrido , horrífero , horrífico , horripilante , medonho , pavoroso , temeroso"
ESPECIAL,"particular , singular , privativo , exclusivo"
ESPERANÇA,"confiança , fé"
ESPIA,"espião , vigia, sentinela , atalaia"
ESPIAR,"espionar , espreitar"
ESPONTÂNEO,"voluntário , livre"
ESTADO,"nação , povo"
ETERNO,"perpétuo , contínuo , imortal , sempiterno , eternal , eviterno , perene , perenal"
EUMÊNIDES,Fúrias
EXECRAÇÃO,"maldição , imprecação , praga, execrar , maldizer , amaldiçoar , imprecar, praguejar"
EXPERIÊNCIA,observação
FACHADA,"frontaria , frente , frontispício"
FACULDADE,"poder , potência"
FALECIMENTO,"morte , traspasse , trânsito, passamento"
FANAL,farol
FASTIDIOSO,"enfadonho , tedioso , importuno"
FECUNDO,"fértil , úbere , ubertoso , abundante , farto , fecundidade , fertilidade , uberdade , abundância , fartura"
FELICITAÇÕES,"parabéns , congratulações, saudações , cumprimentos , emboras"
FELIZ,"ditoso , afortunado , venturoso , bem-aventurado"
FERRAMENTA,"instrumento , utensílios"
FINADO,"defunto , morto"
FLUIDO,líquido
FRANCO,"sincero , leal"
FRAUDULENTO,"doloso , fraude , dolo"
FÚTIL,frívolo
FUGA,fugida
FUNDAMENTAL,"básico , principal , capital"
FÚNEBRE,"funéreo , funeral , funerário , mortuário , exequial , feral , lúgubre , lutuoso"
FÚRIA,"furor , cólera , raiva , ira , insânia , sanha"
FURTO,"roubo , rapina , latrocínio , ladroeira, ladroíce , rapto , furtar , roubar , rapinar , raptar , peculato , estelionato , plágio"
FUTURO,"vindoiro , porvindoiro , póstero , porvir"
GALARDÃO,"prêmio , recompensa , gratificação"
GANÂNCIA,"ganho , lucro , interesse"
GENERALIZAÇÃO,abstração
GERAL,universal
GLÓRIA,"honra , celebridade , fama, renome, nomeada , reputação , crédito , conceito, lustre , distinção"
GOZO,"gosto , sabor , paladar , ressaibo , ranço"
GRADAÇÃO,graduação
GRANDÍSSIMO,muito grande
GRANJA,"quinta , chácara , casa de campo , sítio, fazenda"
GRATIDÃO,reconhecimento
GUANTE,"manopla , luva"
GUARDA,"escolta , piquete , patrulha , ronda"
HERÓI,"super-homem , representativo , grande homem , homem ilustre , grande , graúdo"
HISTÓRIA,"fastos , anais , legenda , lenda, epopeia , relação , narrativa , narração , crônica , notícia , exposição , histórico , descrição , conta , informação , apontamentos , memória , comentário , monografia , epanáforas, biografia , vida, anedota , conto , historieta , fábula , romance , novela , apólogo , alegoria , prosopopeia , parábola"
HISTORIADOR,historiógrafo
HUMILDADE,humilhação
IDEAL,imaginário
IGNOMÍNIA,"infâmia , opróbrio , desonra , vergonha"
IGUARIA,"acepipe , manjar , pitéu, guloseima , gulosina , gulodice , gulosice , guisado , petisco"
IMOLAR,"sacrificar , imolação , sacrifício , holocausto"
IMPARCIAL,"neutro , neutral , indiferente , reto, justo, justiceiro , justiçoso"
INAPTIDÃO,"incapacidade , insuficiência"
INCÓLUME,ileso
INCONSTANTE,volúvel
INDIFERENÇA,"insensibilidade , indolência, apatia , impassibilidade , inexcitabilidade"
INDIVÍDUO,pessoa
INDIZÍVEL,"inexprimível , inefável"
INFÂNCIA,"puerícia , meninice , infantilidades , puerilidades , meninices , infante , menino , criança , pequeno , infantil , pueril"
INFORMAÇÃO,"inquérito , perquisição , pesquisação , devassa , inquirição , indagação , investigação , sindicância"
INSERIR,"encaixar , intercalar , interpor , introduzir , interpolar"
INSÍPIDO,"insosso , insulso"
INSÓLITO,"desusado , desacostumado , estranho"
INSTANTE,momento
INTERIOR,"interno , íntimo , intrínseco , próprio , inerente , essencial , inseparável"
JAMAIS,nunca
JURA,"juramento , protesto , promessa , afirmação"
JUSTA,"torneio , certame"
LARGUEZA,largura
LEGAL,"legítimo , lícito , permitido"
LIMAR,"polir, brunir"
LINGUISTA,"filólogo , gramático"
LONGÍNQUO,"remoto , distante"
MAQUINAR,"urdir , tecer, tramar , forjar , forjicar , traçar"
MANANCIAL,"fonte , nascente , manadeiro , nascença , origem"
MAR,oceano
MAS,porém
MASMORRA,"calabouço , enxovia , cadeia , prisão , cárcere , ergástulo , aljube"
MATERNAL,"materno , paternal , paterno , fraternal , fraterno"
MATINAL,matutino
MEDICAMENTO,remédio
MEMÓRIA,"lembrança , recordação , reminiscência , retentiva"
MENDIGO,"mendicidade , mendicância , indigente , indigência , pobre , pobreza"
MERCADORIA,mercancia
MESSE,"seara , ceifa, colheita"
MILAGRE,"prodígio , maravilha"
MÍSTICO,"espiritual , misticismo , misticidade , espiritualismo , espiritualidade"
MODA,"uso, voga"
MODISMO,idiotismo
MONACAL,monástico
MONÓLOGO,solilóquio
MONTANHA,"monte , serra , serrania , cordilheira , colina , cerro , outeiro , morro , lomba , lombada"
MONTANHOSO,"montuoso , montanheiro, montanhês , montanhesco , montano , montaraz , montês , montesinho ou montesino, montígeno , montívago"
MUNDO,"universo , orbe"
MÚTUO,recíproco
NÓS,nós outros
NOTÓRIO,"público , manifesto"
NOVO,recente
OBLAÇÃO,"oferenda , oblata , oferta"
OCO,"vazio , côncavo , vão, vácuo"
OMITIR,"suprimir , cortar , elidir , eliminar, cancelar"
ONDA,"vaga, vagalhão , escarcéu , marouço"
ONZENA,usura
OUTREM,outro
PAGA,"pagamento , salário , ordenado , mensalidade , soldo , soldada , vencimentos , honorários , estipêndio , remuneração , retribuição"
PARALOGISMO,sofisma
PARELHA,"junta , par, casal"
PENA,saudade
PERCEPÇÃO,"sensação , sentimento"
PERPENDICULAR,vertical
POETA,vate
POESIA,poética
PONTÍFICE,"prelado , bispo , sacerdote"
PORQUE,"pois que , pois, que"
POSSUIR,ter
POSTERIOR,"ulterior , seguinte , subsequente , subsecutivo"
POSTULADO,axioma
PREÂMBULO,"prefácio , proêmio, prólogo , introdução , prelúdio , introito , preliminar , prolegômenos , exórdio"
PRECISAMENTE,"justamente , positivamente , expressamente , formalmente"
PRECOCE,"prematuro , temporão , antecipado"
PRIMEIRO,"primário , primitivo , primevo , primordial"
PROFANAÇÃO,sacrilégio
PROGÊNIE,"progenitura , ascendência , linhagem , estirpe , raça, casta, família , sangue, casa, geração , genealogia , prosápia , prole , origem , posteridade"
PRÓPRIO,mesmo
PULO,"salto, pinote , cabriola , pirueta , cambalhota , pincho"
QUANTIA,"soma , quantidade , número"
QUIMERA,"ilusão , fantasia , utopia , visão"
RADIANTE,"radioso , irradiante , irradiador, faiscante , cintilante , chispante , coruscante , relampejante , flamante , reluzente , flamejante , fulgente , refulgente , fulgurante, brilhante , resplandecente , resplendente, fagulhante"
RASTO,"vestígio , pegada , pisada , trilha , pista, rastilho , sinal, carreiro"
REAL,"régio , reiuno , realengo , reguengo"
REALCE,"relevo , destaque , evidência , saliência , proeminência , ressalto"
REALIDADE,verdade
RECIBO,quitação
REGER,"gerir, regente , regedor , gerente , gestor , regência , regedoria , gerência , gestão"
RESIGNAÇÃO,"passividade , paciência , abdicação , renunciamento"
RETINIR,"retumbar , ressoar , repercutir , ecoar , soar, ribombar , retroar"
REDARGUIR,"replicar , retorquir , retrucar , rebater , responder , objetar , obtemperar , recriminar , contrapor , opor, contestar , revidar , reenvidar , contradizer , contraditar, respingar"
REVELAÇÃO,inspiração
ROTEIRO,"itinerário , diário , portulânio"
SABEDORIA,ciência
SACRO,"sagrado , santo"
SADIO,"são, salutar , salubre , higiênico"
SANGRENTO,"sanguinolento , sanguento , sanguinoso , sanguino , sanguíneo , cruento , sanguinário , sanguissedento"
SECULAR,"leigo, laical"
SEGE,"carruagem , trem, coche , veículo , viatura , tílburi , cabriolé , carro , plaustro , faeton , caleça , caleche , cupê"
SEGREGAÇÃO,"segregar , secretar , secreção"
SEGUIDAMENTE,"ato contínuo , imediatamente , de seguida , em seguida , logo após"
SIGILO,"segredo , reserva"
SIMPLEZA,simplicidade
SISTEMA,teoria
SOCIAL,sociável
SOPORÍFERO,"soporífico , soporativo , soporoso"
SÚBDITO,"vassalo , cidadão"
SUL,meio-dia
SUMO,"suco, caldo"
SUPLENTE,substituto
SURTO,"rapto , transporte , arroubo , voo, voadura , remígio , assomo , arrebatamento"
SUSPEITA,"desconfiança , cisma , receio"
TASCA,"taberna , venda , quiosque, baiuca , bodega , espelunca , locanda"
TEMER,"recear , suspeitar , desconfiar"
TEMPLO,"igreja , basílica , ermida , capela , delubro , fano, edícula , santuário"
TERRA,"terreno , solo, campo"
TEZ,"cútis, pele, derme , epiderme"
TÍBIO,"tépido , morno"
TIMBRE,"sinete , selo, carimbo , marca"
TOGA,"garnacha , beca, paludamento , trábea"
TOMO,volume
TORPE,"impudico , desonesto , obsceno , indecente , impuro , imoral , indecoroso , impudente , desvergonhado , descarado , desfaçado"
TRADUÇÃO,versão
TRAGO,"sorvo , gole, hausto"
TRAJO,"vestimenta , vestidura , vestido , veste, roupa , fato, indumento"
TRISTEZA,tristura
TRIUNFAL,triunfante
TRUNCAR,mutilar
TÚNICA,"tunicela , casula , dalmática"
TURNO,vez
ÚLCERA,"chaga , ferida"
UM,"único , só, singular"
UNIÃO,junção
URGÊNCIA,pressa
ÚTIL,"proveitoso , conveniente, vantajoso , profícuo , utilidade , proveito , conveniência , vantagem , proficuidade"
VÃO,"baldado , inútil , improfícuo"
VERACIDADE,"veridicidade , verdade , veraz, verídico , verdadeiro"
VIAL,avenida
VIGA,"trave, barrote"
VIRIL,"varonil , homem , varão"
VITAL,"viável , vivaz"
VITORIOSO,vencedor
VOLIÇÃO,"veleidade , vontade"
ZABUMBA,bombo
ZAGAL,"pastor , pegureiro , alganame , maioral , zagaleto , zagalejo"
ZAROLHO,"vesgo , estrábico , zanaga , peto"
ZUMBAIA,"mesura , cortesia , rapapé , salamaleque"
ZUMBIDO,"zunido , zum-zum"
